epsilon,genre,composition,unique_pitches,entropy,syncopation,constraint_violations,n_events,generation_time_s
0.01,jazz,0,17,3.7954,0.0,30,36,0.001185
0.01,jazz,1,20,4.1147,0.0,31,35,0.000852
0.01,jazz,2,20,4.0576,0.0,28,35,0.000772
0.01,jazz,3,19,3.8599,0.0,27,36,0.004858
0.01,jazz,4,20,4.1958,0.0,28,31,0.000749
0.01,jazz,5,14,3.5554,0.0,24,29,0.00076
0.01,jazz,6,18,3.9987,0.0,27,34,0.000768
0.01,jazz,7,18,4.0576,0.0,26,35,0.004786
0.01,jazz,8,17,3.9292,0.0,30,32,0.000766
0.01,jazz,9,17,3.9398,0.0,28,34,0.000755
0.01,hiphop,0,10,3.0276,0.0,18,23,0.000638
0.01,hiphop,1,15,3.6801,0.0,22,27,0.004707
0.01,hiphop,2,10,3.2618,0.0,16,23,0.001116
0.01,hiphop,3,14,3.6753,0.0,18,23,0.000637
0.01,hiphop,4,11,3.1842,0.0,17,20,0.000557
0.01,hiphop,5,10,3.1972,0.0,12,18,0.00462
0.01,hiphop,6,14,3.6178,0.0,14,21,0.00061
0.01,hiphop,7,13,3.4885,0.0,21,26,0.000636
0.01,hiphop,8,15,3.6574,0.0,20,26,0.000573
0.01,hiphop,9,10,3.1751,0.0,14,17,0.000516
0.01,electronic,0,16,3.8839,0.0,33,48,0.005019
0.01,electronic,1,17,3.7572,0.0,37,49,0.001191
0.01,electronic,2,19,4.0713,0.0,36,43,0.000859
0.01,electronic,3,16,3.8812,0.0,35,41,0.004591
0.01,electronic,4,17,3.848,0.0,38,50,0.00099
0.01,electronic,5,16,3.7685,0.0,31,43,0.001187
0.01,electronic,6,14,3.5917,0.0,38,44,0.004842
0.01,electronic,7,20,4.0561,0.0,35,48,0.001045
0.01,electronic,8,19,3.9707,0.0,38,48,0.001096
0.01,electronic,9,19,3.9759,0.0,33,49,0.001079
0.01,classical,0,9,2.9797,0.0,18,23,0.000636
0.01,classical,1,16,3.882,0.0,20,23,0.000606
0.01,classical,2,14,3.552,0.0,27,29,0.000685
0.01,classical,3,12,3.2527,0.0,19,24,0.000714
0.01,classical,4,14,3.6425,0.0,18,23,0.000543
0.01,classical,5,16,3.9161,0.0,15,21,0.000548
0.01,classical,6,16,3.882,0.0,18,23,0.000738
0.01,classical,7,15,3.7835,0.0,24,25,0.000627
0.01,classical,8,14,3.5884,0.0,17,23,0.000589
0.01,classical,9,15,3.8209,0.0,16,21,0.000394
0.01,math,0,9,2.9736,0.0,11,15,0.000262
0.01,math,1,13,3.5724,0.0,13,18,0.000263
0.01,math,2,12,3.5,0.0,12,16,0.000306
0.01,math,3,9,2.9502,0.0,11,14,0.000252
0.01,math,4,10,3.1069,0.0,8,15,0.000295
0.01,math,5,9,3.027,0.0,5,13,0.000219
0.01,math,6,10,3.2516,0.0,9,12,0.000259
0.01,math,7,10,3.182,0.0,11,14,0.000304
0.01,math,8,10,3.1899,0.0,12,15,0.000348
0.01,math,9,10,3.182,0.0,11,14,0.00025
0.0621,jazz,0,18,3.9138,0.0,25,36,0.000583
0.0621,jazz,1,19,4.0668,0.0,28,31,0.000431
0.0621,jazz,2,19,4.0087,0.0,31,35,0.000509
0.0621,jazz,3,16,3.7602,0.0,36,39,0.000566
0.0621,jazz,4,16,3.6436,0.0,24,31,0.000436
0.0621,jazz,5,19,4.107,0.0,32,36,0.000691
0.0621,jazz,6,19,4.0144,0.0,25,35,0.000708
0.0621,jazz,7,17,3.9134,0.0,23,31,0.000431
0.0621,jazz,8,20,4.1217,0.0,31,39,0.000525
0.0621,jazz,9,18,3.9369,0.0,26,34,0.000464
0.0621,hiphop,0,16,3.7359,0.0,23,28,0.000364
0.0621,hiphop,1,16,3.7229,0.0,22,28,0.000329
0.0621,hiphop,2,11,3.2464,0.0,15,20,0.000267
0.0621,hiphop,3,13,3.5435,0.0,16,25,0.000378
0.0621,hiphop,4,12,3.4333,0.0,21,25,0.000349
0.0621,hiphop,5,14,3.5319,0.0,21,27,0.000389
0.0621,hiphop,6,14,3.604,0.0,23,29,0.00039
0.0621,hiphop,7,13,3.5599,0.0,22,27,0.000399
0.0621,hiphop,8,12,3.4992,0.0,16,21,0.00039
0.0621,hiphop,9,12,3.4346,0.0,18,24,0.000352
0.0621,electronic,0,17,3.808,0.0,40,49,0.000587
0.0621,electronic,1,20,4.0751,0.0,37,46,0.000605
0.0621,electronic,2,17,3.9623,0.0,34,44,0.000564
0.0621,electronic,3,16,3.7053,0.0,44,52,0.000676
0.0621,electronic,4,21,4.1775,0.0,43,51,0.000648
0.0621,electronic,5,21,4.0827,0.0,38,46,0.000542
0.0621,electronic,6,18,3.8942,0.0,34,47,0.000631
0.0621,electronic,7,17,3.7473,0.0,38,52,0.000639
0.0621,electronic,8,17,3.8316,0.0,33,44,0.000604
0.0621,electronic,9,20,3.926,0.0,40,50,0.000707
0.0621,classical,0,15,3.7672,0.0,21,26,0.000383
0.0621,classical,1,13,3.5836,0.0,23,28,0.000373
0.0621,classical,2,17,3.9133,0.0,20,25,0.000322
0.0621,classical,3,11,3.2721,0.0,19,24,0.000367
0.0621,classical,4,16,3.8543,0.0,23,26,0.000382
0.0621,classical,5,17,3.9022,0.0,22,26,0.000341
0.0621,classical,6,15,3.7849,0.0,15,21,0.000322
0.0621,classical,7,12,3.3088,0.0,15,21,0.0003
0.0621,classical,8,19,4.1039,0.0,22,26,0.00046
0.0621,classical,9,16,3.8253,0.0,19,26,0.000375
0.0621,math,0,9,3.0131,0.0,12,17,0.000255
0.0621,math,1,9,3.085,0.0,10,12,0.000181
0.0621,math,2,11,3.3372,0.0,12,17,0.000246
0.0621,math,3,13,3.5725,0.0,14,17,0.000253
0.0621,math,4,12,3.4528,0.0,12,16,0.000303
0.0621,math,5,13,3.6402,0.0,11,15,0.000236
0.0621,math,6,10,3.2028,0.0,12,16,0.000243
0.0621,math,7,7,2.7219,0.0,7,10,0.000192
0.0621,math,8,12,3.4566,0.0,9,15,0.000234
0.0621,math,9,9,2.9398,0.0,13,17,0.000326
0.1142,jazz,0,21,4.2784,0.0,31,34,0.000508
0.1142,jazz,1,20,4.0751,0.0,35,40,0.000485
0.1142,jazz,2,25,4.447,0.0,41,45,0.000577
0.1142,jazz,3,20,4.2074,0.0,30,35,0.000507
0.1142,jazz,4,17,3.9959,0.0,32,36,0.000483
0.1142,jazz,5,19,3.976,0.0,31,35,0.000426
0.1142,jazz,6,22,4.3168,0.0,32,39,0.000509
0.1142,jazz,7,18,4.05,0.0,27,35,0.00046
0.1142,jazz,8,21,4.1549,0.0,32,37,0.000433
0.1142,jazz,9,18,3.9499,0.0,37,43,0.000511
0.1142,hiphop,0,15,3.6531,0.0,17,24,0.00044
0.1142,hiphop,1,17,3.9134,0.0,25,31,0.000418
0.1142,hiphop,2,14,3.6819,0.0,16,19,0.000277
0.1142,hiphop,3,17,3.9737,0.0,21,25,0.000336
0.1142,hiphop,4,16,3.8404,0.0,23,29,0.000476
0.1142,hiphop,5,12,3.4464,0.0,17,20,0.000932
0.1142,hiphop,6,17,3.9121,0.0,21,27,0.000389
0.1142,hiphop,7,17,3.921,0.0,18,26,0.000418
0.1142,hiphop,8,15,3.8035,0.0,19,24,0.000339
0.1142,hiphop,9,13,3.5435,0.0,18,25,0.000377
0.1142,electronic,0,19,4.0965,0.0,42,47,0.000623
0.1142,electronic,1,15,3.6562,0.0,32,40,0.000566
0.1142,electronic,2,21,4.1513,0.0,44,50,0.000646
0.1142,electronic,3,19,4.0637,0.0,41,48,0.000655
0.1142,electronic,4,19,4.034,0.0,34,41,0.000548
0.1142,electronic,5,17,3.8715,0.0,32,42,0.000564
0.1142,electronic,6,22,4.168,0.0,36,54,0.000699
0.1142,electronic,7,22,4.1422,0.0,43,51,0.000576
0.1142,electronic,8,18,3.9039,0.0,44,53,0.000751
0.1142,electronic,9,21,4.0456,0.0,41,48,0.000633
0.1142,classical,0,17,3.8937,0.0,18,25,0.000355
0.1142,classical,1,15,3.7888,0.0,18,22,0.000344
0.1142,classical,2,16,3.9183,0.0,21,24,0.000333
0.1142,classical,3,17,3.9737,0.0,23,25,0.000318
0.1142,classical,4,15,3.6995,0.0,21,28,0.000468
0.1142,classical,5,13,3.5014,0.0,18,23,0.00038
0.1142,classical,6,17,4.0016,0.0,20,24,0.000293
0.1142,classical,7,21,4.2116,0.0,24,31,0.000428
0.1142,classical,8,20,4.2113,0.0,24,29,0.000373
0.1142,classical,9,19,4.1106,0.0,27,28,0.000534
0.1142,math,0,14,3.6842,0.0,16,20,0.000363
0.1142,math,1,11,3.25,0.0,14,16,0.000254
0.1142,math,2,12,3.3661,0.0,15,19,0.000258
0.1142,math,3,8,2.8731,0.0,6,13,0.000258
0.1142,math,4,11,3.3736,0.0,14,15,0.000235
0.1142,math,5,13,3.5725,0.0,12,17,0.000239
0.1142,math,6,12,3.3372,0.0,13,17,0.000254
0.1142,math,7,12,3.4548,0.0,11,17,0.000285
0.1142,math,8,10,3.1069,0.0,10,15,0.000234
0.1142,math,9,11,3.3232,0.0,12,15,0.000225
0.1663,jazz,0,21,4.2646,0.0,30,35,0.000454
0.1663,jazz,1,18,3.9886,0.0,29,36,0.000508
0.1663,jazz,2,19,3.9284,0.0,25,43,0.000666
0.1663,jazz,3,21,4.189,0.0,38,45,0.00053
0.1663,jazz,4,21,4.1807,0.0,32,44,0.00055
0.1663,jazz,5,21,4.1607,0.0,22,34,0.000487
0.1663,jazz,6,21,4.1524,0.0,32,44,0.000517
0.1663,jazz,7,15,3.7199,0.0,19,31,0.000525
0.1663,jazz,8,17,3.9387,0.0,29,37,0.000581
0.1663,jazz,9,18,3.8768,0.0,20,33,0.000444
0.1663,hiphop,0,14,3.6819,0.0,14,19,0.000325
0.1663,hiphop,1,15,3.8219,0.0,15,20,0.000283
0.1663,hiphop,2,15,3.704,0.0,23,31,0.000421
0.1663,hiphop,3,14,3.607,0.0,20,28,0.000369
0.1663,hiphop,4,14,3.7035,0.0,18,25,0.000325
0.1663,hiphop,5,16,3.797,0.0,23,31,0.000496
0.1663,hiphop,6,16,3.6995,0.0,18,28,0.000432
0.1663,hiphop,7,14,3.6635,0.0,18,22,0.000326
0.1663,hiphop,8,15,3.7406,0.0,18,24,0.000302
0.1663,hiphop,9,13,3.5016,0.0,19,24,0.000355
0.1663,electronic,0,19,3.9134,0.0,42,54,0.000636
0.1663,electronic,1,20,4.1699,0.0,35,55,0.000647
0.1663,electronic,2,19,4.035,0.0,39,52,0.000719
0.1663,electronic,3,21,4.1019,0.0,41,53,0.000618
0.1663,electronic,4,20,4.1193,0.0,39,53,0.000664
0.1663,electronic,5,17,3.889,0.0,42,59,0.000786
0.1663,electronic,6,20,4.1224,0.0,42,53,0.000693
0.1663,electronic,7,23,4.2952,0.0,42,51,0.000574
0.1663,electronic,8,20,4.0823,0.0,42,56,0.000713
0.1663,electronic,9,22,4.1045,0.0,46,61,0.000684
0.1663,classical,0,18,3.9196,0.0303,19,33,0.000524
0.1663,classical,1,20,4.1639,0.0,27,32,0.000439
0.1663,classical,2,16,3.914,0.0455,14,22,0.000292
0.1663,classical,3,17,3.9387,0.0,18,24,0.000344
0.1663,classical,4,15,3.7951,0.0,17,23,0.000325
0.1663,classical,5,19,4.0687,0.0,24,35,0.000452
0.1663,classical,6,18,4.027,0.0385,18,26,0.000454
0.1663,classical,7,17,3.9702,0.0,20,24,0.000326
0.1663,classical,8,17,3.9501,0.0,22,26,0.00046
0.1663,classical,9,17,3.9121,0.0,21,27,0.000346
0.1663,math,0,11,3.3502,0.0,13,18,0.000317
0.1663,math,1,14,3.75,0.0,10,16,0.000299
0.1663,math,2,14,3.6292,0.0,15,22,0.000312
0.1663,math,3,19,4.1343,0.0,19,27,0.000373
0.1663,math,4,13,3.5766,0.0,16,19,0.000241
0.1663,math,5,12,3.3264,0.0,14,19,0.000319
0.1663,math,6,14,3.7255,0.0,13,18,0.000268
0.1663,math,7,10,3.2776,0.0,8,11,0.000268
0.1663,math,8,17,4.0374,0.0,15,19,0.00037
0.1663,math,9,14,3.7255,0.0,12,18,0.000261
0.2184,jazz,0,21,4.2047,0.0,32,43,0.001295
0.2184,jazz,1,23,4.0979,0.0238,26,42,0.001066
0.2184,jazz,2,20,4.1445,0.0667,30,45,0.000676
0.2184,jazz,3,19,4.0435,0.0,28,41,0.000487
0.2184,jazz,4,21,4.2189,0.0222,32,45,0.000543
0.2184,jazz,5,22,4.3168,0.0256,28,39,0.000495
0.2184,jazz,6,22,4.2608,0.0263,26,38,0.000453
0.2184,jazz,7,23,4.3749,0.0222,32,45,0.000675
0.2184,jazz,8,23,4.3571,0.0244,28,41,0.000589
0.2184,jazz,9,22,4.2936,0.0,32,38,0.000493
0.2184,hiphop,0,18,3.9987,0.0588,26,34,0.000748
0.2184,hiphop,1,18,4.0323,0.037,20,27,0.000642
0.2184,hiphop,2,12,3.2903,0.0,14,23,0.000423
0.2184,hiphop,3,18,3.9266,0.0,20,27,0.000331
0.2184,hiphop,4,16,3.8566,0.0,23,30,0.000332
0.2184,hiphop,5,21,4.1019,0.0588,25,34,0.000514
0.2184,hiphop,6,17,3.9292,0.0,25,32,0.000396
0.2184,hiphop,7,18,3.9455,0.0303,27,33,0.00043
0.2184,hiphop,8,16,3.7928,0.0,27,32,0.000505
0.2184,hiphop,9,19,4.1167,0.0,27,32,0.000478
0.2184,electronic,0,20,4.1342,0.02,35,50,0.000554
0.2184,electronic,1,24,4.2495,0.0161,42,62,0.000661
0.2184,electronic,2,25,4.3693,0.0476,45,63,0.000688
0.2184,electronic,3,21,4.1198,0.0175,47,57,0.000625
0.2184,electronic,4,21,4.072,0.0,50,66,0.000715
0.2184,electronic,5,26,4.412,0.0164,44,61,0.000676
0.2184,electronic,6,22,4.1795,0.0196,40,51,0.000662
0.2184,electronic,7,18,3.9304,0.0217,35,46,0.000723
0.2184,electronic,8,20,4.1178,0.0233,35,43,0.000545
0.2184,electronic,9,21,4.1621,0.0508,47,59,0.000638
0.2184,classical,0,18,4.056,0.0,20,26,0.000377
0.2184,classical,1,20,4.1899,0.0,19,30,0.00036
0.2184,classical,2,18,4.056,0.0385,21,26,0.000362
0.2184,classical,3,15,3.7231,0.08,18,25,0.000338
0.2184,classical,4,14,3.7081,0.0,17,23,0.000466
0.2184,classical,5,20,4.182,0.0357,20,28,0.000365
0.2184,classical,6,18,4.0151,0.0667,21,30,0.000408
0.2184,classical,7,19,4.0542,0.0625,26,32,0.000381
0.2184,classical,8,18,4.0314,0.0667,25,30,0.000382
0.2184,classical,9,18,3.9947,0.0,20,28,0.000331
0.2184,math,0,12,3.4131,0.0455,15,22,0.000269
0.2184,math,1,13,3.6169,0.0588,13,17,0.000278
0.2184,math,2,13,3.5383,0.0,20,22,0.000405
0.2184,math,3,13,3.5725,0.0,11,17,0.000248
0.2184,math,4,11,3.2402,0.0,12,15,0.000211
0.2184,math,5,9,3.0851,0.0,6,13,0.000302
0.2184,math,6,16,3.8137,0.08,19,25,0.000338
0.2184,math,7,13,3.5842,0.0,13,20,0.000251
0.2184,math,8,13,3.5724,0.0,14,18,0.000353
0.2184,math,9,12,3.4528,0.0,12,16,0.00024
0.2705,jazz,0,21,4.221,0.0769,33,39,0.00042
0.2705,jazz,1,25,4.4562,0.04,38,50,0.000712
0.2705,jazz,2,22,4.2751,0.1,31,40,0.000424
0.2705,jazz,3,24,4.2772,0.0417,37,48,0.000524
0.2705,jazz,4,22,4.2117,0.1282,28,39,0.000484
0.2705,jazz,5,20,4.0875,0.1364,40,44,0.000589
0.2705,jazz,6,17,3.8888,0.0294,25,34,0.00042
0.2705,jazz,7,19,4.0716,0.1143,25,35,0.000559
0.2705,jazz,8,21,4.1345,0.0541,25,37,0.000514
0.2705,jazz,9,21,4.1733,0.0408,36,49,0.000556
0.2705,hiphop,0,20,4.2028,0.0625,25,32,0.00037
0.2705,hiphop,1,20,4.1356,0.0588,22,34,0.000485
0.2705,hiphop,2,17,3.9435,0.04,20,25,0.000307
0.2705,hiphop,3,15,3.7516,0.125,21,24,0.000354
0.2705,hiphop,4,16,3.6612,0.0286,22,35,0.000427
0.2705,hiphop,5,19,4.0511,0.1562,23,32,0.000421
0.2705,hiphop,6,18,3.9783,0.069,25,29,0.000318
0.2705,hiphop,7,17,3.9378,0.0968,24,31,0.000394
0.2705,hiphop,8,15,3.6245,0.0714,26,28,0.000365
0.2705,hiphop,9,16,3.8243,0.0303,26,33,0.000422
0.2705,electronic,0,26,4.4481,0.0517,40,58,0.000648
0.2705,electronic,1,25,4.3119,0.0615,51,65,0.0007
0.2705,electronic,2,24,4.2484,0.0893,42,56,0.000596
0.2705,electronic,3,26,4.3958,0.0147,54,68,0.000697
0.2705,electronic,4,21,4.1097,0.1379,43,58,0.000666
0.2705,electronic,5,24,4.2948,0.082,48,61,0.0007
0.2705,electronic,6,20,4.1178,0.0465,30,43,0.00241
0.2705,electronic,7,21,4.0606,0.0645,47,62,0.002244
0.2705,electronic,8,23,4.2069,0.0938,47,64,0.007473
0.2705,electronic,9,22,4.1813,0.0577,38,52,0.005393
0.2705,classical,0,20,4.2108,0.0606,28,33,0.001438
0.2705,classical,1,18,4.0044,0.0345,20,29,0.002651
0.2705,classical,2,17,3.8747,0.0556,26,36,0.002964
0.2705,classical,3,22,4.2784,0.0294,24,34,0.002529
0.2705,classical,4,16,3.8554,0.0,19,24,0.002469
0.2705,classical,5,14,3.6464,0.0,11,20,0.000666
0.2705,classical,6,17,3.8566,0.0667,19,30,0.000747
0.2705,classical,7,19,4.1757,0.0,19,23,0.00043
0.2705,classical,8,19,4.064,0.0857,27,35,0.001646
0.2705,classical,9,21,4.2151,0.0667,24,30,0.000936
0.2705,math,0,13,3.5725,0.0,15,17,0.001399
0.2705,math,1,17,3.8404,0.1724,21,29,0.000587
0.2705,math,2,15,3.7219,0.15,17,20,0.000493
0.2705,math,3,9,2.9842,0.0,15,17,0.000473
0.2705,math,4,12,3.5069,0.1333,11,15,0.000888
0.2705,math,5,14,3.7345,0.0588,15,17,0.002034
0.2705,math,6,15,3.7849,0.0952,15,21,0.00211
0.2705,math,7,13,3.5778,0.125,12,16,0.001064
0.2705,math,8,8,2.9477,0.0,6,9,0.001048
0.2705,math,9,14,3.7255,0.0556,12,18,0.001613
0.3226,jazz,0,23,4.3171,0.0227,28,44,0.000801
0.3226,jazz,1,25,4.4515,0.2368,25,38,0.000491
0.3226,jazz,2,21,4.1292,0.0682,20,44,0.00046
0.3226,jazz,3,29,4.6475,0.0909,24,55,0.000551
0.3226,jazz,4,22,4.2723,0.1026,22,39,0.000454
0.3226,jazz,5,24,4.3943,0.1026,18,39,0.000437
0.3226,jazz,6,23,4.2959,0.1667,29,48,0.000459
0.3226,jazz,7,27,4.6235,0.1,29,50,0.000444
0.3226,jazz,8,20,4.1159,0.0952,25,42,0.000501
0.3226,jazz,9,23,4.2386,0.1,26,50,0.000499
0.3226,hiphop,0,20,4.173,0.1212,19,33,0.000319
0.3226,hiphop,1,16,3.8391,0.0909,16,33,0.000308
0.3226,hiphop,2,17,3.8566,0.1333,17,30,0.000361
0.3226,hiphop,3,14,3.6281,0.0,14,28,0.000327
0.3226,hiphop,4,17,3.8617,0.0571,23,35,0.000373
0.3226,hiphop,5,19,4.1232,0.2,18,30,0.0003
0.3226,hiphop,6,19,4.0733,0.3103,15,29,0.000344
0.3226,hiphop,7,15,3.7516,0.0417,11,24,0.000336
0.3226,hiphop,8,13,3.4106,0.0606,20,33,0.00036
0.3226,hiphop,9,17,3.9502,0.0357,13,28,0.000328
0.3226,electronic,0,26,4.4283,0.1475,33,61,0.000526
0.3226,electronic,1,25,4.3584,0.0769,40,65,0.000788
0.3226,electronic,2,25,4.371,0.0833,31,60,0.000623
0.3226,electronic,3,23,4.1794,0.1333,33,60,0.00064
0.3226,electronic,4,22,4.2241,0.102,32,49,0.000514
0.3226,electronic,5,24,4.3282,0.1094,35,64,0.000728
0.3226,electronic,6,27,4.4176,0.1646,45,79,0.000778
0.3226,electronic,7,22,4.0702,0.129,34,62,0.00067
0.3226,electronic,8,21,4.1356,0.0877,25,57,0.000658
0.3226,electronic,9,25,4.4175,0.1186,37,59,0.000569
0.3226,classical,0,20,4.1973,0.0882,20,34,0.000394
0.3226,classical,1,16,3.7865,0.1818,15,33,0.000375
0.3226,classical,2,20,4.1852,0.069,17,29,0.000319
0.3226,classical,3,21,4.2089,0.0811,21,37,0.000353
0.3226,classical,4,18,3.9292,0.0938,15,32,0.000388
0.3226,classical,5,22,4.2506,0.0857,20,35,0.000375
0.3226,classical,6,15,3.671,0.1304,9,23,0.000259
0.3226,classical,7,18,3.9462,0.1538,15,26,0.000291
0.3226,classical,8,16,3.7888,0.2273,14,22,0.000258
0.3226,classical,9,20,4.1556,0.2188,17,32,0.00045
0.3226,math,0,14,3.8074,0.1429,8,14,0.000232
0.3226,math,1,15,3.7081,0.1304,13,23,0.000268
0.3226,math,2,13,3.5725,0.0588,10,17,0.000309
0.3226,math,3,14,3.7345,0.2353,10,17,0.00034
0.3226,math,4,10,3.1396,0.0,12,15,0.000202
0.3226,math,5,15,3.6531,0.125,14,24,0.000343
0.3226,math,6,16,3.9477,0.0556,9,18,0.000265
0.3226,math,7,12,3.5216,0.0714,9,14,0.000204
0.3226,math,8,14,3.7028,0.0,10,16,0.000238
0.3226,math,9,15,3.8366,0.2778,10,18,0.000234
0.3747,jazz,0,25,4.3478,0.2083,26,48,0.000463
0.3747,jazz,1,25,4.5014,0.1087,26,46,0.000513
0.3747,jazz,2,24,4.3736,0.3077,28,52,0.00049
0.3747,jazz,3,25,4.453,0.1277,24,47,0.000511
0.3747,jazz,4,25,4.4795,0.1489,28,47,0.000512
0.3747,jazz,5,21,4.1448,0.3269,27,52,0.00055
0.3747,jazz,6,27,4.4884,0.14,28,50,0.000453
0.3747,jazz,7,23,4.2385,0.2292,27,48,0.000533
0.3747,jazz,8,25,4.52,0.1892,20,37,0.000407
0.3747,jazz,9,25,4.4791,0.2,18,35,0.000376
0.3747,hiphop,0,22,4.2917,0.1538,23,39,0.000384
0.3747,hiphop,1,18,4.056,0.1923,13,26,0.000372
0.3747,hiphop,2,16,3.8282,0.3704,13,27,0.000281
0.3747,hiphop,3,21,4.2603,0.0968,16,31,0.000385
0.3747,hiphop,4,21,4.1385,0.1795,23,39,0.000401
0.3747,hiphop,5,19,4.0826,0.3871,19,31,0.000387
0.3747,hiphop,6,19,3.9045,0.1724,16,29,0.000337
0.3747,hiphop,7,18,4.0518,0.2424,24,33,0.00033
0.3747,hiphop,8,21,4.2603,0.0968,16,31,0.000333
0.3747,hiphop,9,21,4.2336,0.1515,20,33,0.000334
0.3747,electronic,0,23,4.3414,0.1887,29,53,0.000595
0.3747,electronic,1,24,4.286,0.1774,35,62,0.000618
0.3747,electronic,2,25,4.3915,0.1061,39,66,0.000747
0.3747,electronic,3,24,4.3333,0.1385,35,65,0.000723
0.3747,electronic,4,30,4.6103,0.2817,45,71,0.000718
0.3747,electronic,5,24,4.3904,0.1618,43,68,0.000655
0.3747,electronic,6,29,4.6463,0.1739,37,69,0.000646
0.3747,electronic,7,29,4.6261,0.2055,47,73,0.000724
0.3747,electronic,8,23,4.2727,0.1552,33,58,0.000576
0.3747,electronic,9,25,4.2993,0.1034,32,58,0.000678
0.3747,classical,0,22,4.315,0.1765,24,34,0.000369
0.3747,classical,1,19,4.0836,0.0714,13,28,0.000313
0.3747,classical,2,15,3.8137,0.24,17,25,0.00028
0.3747,classical,3,20,4.209,0.1071,13,28,0.000347
0.3747,classical,4,16,3.8937,0.2,13,25,0.000327
0.3747,classical,5,20,4.1503,0.0571,21,35,0.000352
0.3747,classical,6,17,3.8868,0.3333,11,24,0.000275
0.3747,classical,7,16,3.8566,0.1333,18,30,0.000305
0.3747,classical,8,23,4.3404,0.2,22,35,0.000384
0.3747,classical,9,22,4.3492,0.1613,16,31,0.000378
0.3747,math,0,12,3.4817,0.1818,13,22,0.000242
0.3747,math,1,15,3.8219,0.1,11,20,0.000292
0.3747,math,2,16,3.882,0.1739,14,23,0.000283
0.3747,math,3,14,3.6897,0.3333,10,21,0.000324
0.3747,math,4,17,3.9387,0.25,12,24,0.000301
0.3747,math,5,9,3.027,0.3077,9,13,0.000201
0.3747,math,6,11,3.375,0.0625,10,16,0.000206
0.3747,math,7,12,3.5,0.25,8,16,0.000204
0.3747,math,8,8,2.8731,0.2308,3,13,0.000174
0.3747,math,9,13,3.625,0.375,7,16,0.000214
0.4268,jazz,0,28,4.5361,0.2414,39,58,0.000585
0.4268,jazz,1,27,4.5415,0.2,29,50,0.0005
0.4268,jazz,2,22,4.2012,0.3421,21,38,0.000443
0.4268,jazz,3,24,4.3901,0.3478,26,46,0.000508
0.4268,jazz,4,26,4.5724,0.1944,19,36,0.000444
0.4268,jazz,5,27,4.4692,0.2963,31,54,0.000548
0.4268,jazz,6,24,4.3386,0.2245,27,49,0.000544
0.4268,jazz,7,27,4.648,0.3889,32,54,0.000489
0.4268,jazz,8,22,4.2687,0.2791,15,43,0.000415
0.4268,jazz,9,24,4.3431,0.1818,29,44,0.00041
0.4268,hiphop,0,19,4.1368,0.125,15,24,0.000307
0.4268,hiphop,1,20,4.107,0.3333,22,36,0.00035
0.4268,hiphop,2,19,4.0642,0.1379,18,29,0.000284
0.4268,hiphop,3,21,4.2336,0.2121,20,33,0.000314
0.4268,hiphop,4,18,4.0,0.25,21,32,0.000465
0.4268,hiphop,5,19,4.1484,0.2667,19,30,0.000338
0.4268,hiphop,6,17,3.9702,0.3333,10,24,0.000256
0.4268,hiphop,7,19,4.0668,0.3548,18,31,0.000346
0.4268,hiphop,8,18,4.0566,0.1667,19,30,0.000301
0.4268,hiphop,9,19,4.1064,0.3704,12,27,0.000319
0.4268,electronic,0,28,4.6558,0.2879,41,66,0.000561
0.4268,electronic,1,30,4.7073,0.1311,39,61,0.000536
0.4268,electronic,2,26,4.4628,0.3056,43,72,0.000683
0.4268,electronic,3,25,4.438,0.2623,33,61,0.000672
0.4268,electronic,4,29,4.6302,0.3,26,60,0.000627
0.4268,electronic,5,28,4.4764,0.2909,32,55,0.000559
0.4268,electronic,6,27,4.5148,0.254,39,63,0.000602
0.4268,electronic,7,28,4.6092,0.2982,33,57,0.000608
0.4268,electronic,8,23,4.1245,0.2692,24,52,0.000541
0.4268,electronic,9,25,4.4378,0.4615,39,65,0.000913
0.4268,classical,0,18,4.0151,0.3333,16,30,0.000426
0.4268,classical,1,16,3.838,0.4444,15,27,0.000294
0.4268,classical,2,19,4.0259,0.303,15,33,0.000314
0.4268,classical,3,20,4.1792,0.25,17,32,0.000364
0.4268,classical,4,20,4.0903,0.2571,22,35,0.000342
0.4268,classical,5,19,4.0281,0.2333,15,30,0.000391
0.4268,classical,6,22,4.3069,0.3,14,30,0.00033
0.4268,classical,7,19,4.1232,0.1667,16,30,0.000298
0.4268,classical,8,21,4.2506,0.2857,25,35,0.000281
0.4268,classical,9,20,4.1484,0.2,20,30,0.000299
0.4268,math,0,13,3.6402,0.2,8,15,0.000246
0.4268,math,1,16,3.8797,0.1818,14,22,0.00024
0.4268,math,2,14,3.6842,0.3,12,20,0.000314
0.4268,math,3,14,3.6163,0.2632,8,19,0.000228
0.4268,math,4,18,4.0839,0.4,14,25,0.000257
0.4268,math,5,13,3.625,0.375,11,16,0.000207
0.4268,math,6,18,4.056,0.3043,11,23,0.000278
0.4268,math,7,15,3.7623,0.2609,13,23,0.000275
0.4268,math,8,14,3.6819,0.1579,13,19,0.000242
0.4268,math,9,11,3.3232,0.2667,11,15,0.000197
0.4789,jazz,0,29,4.6378,0.3585,22,53,0.000475
0.4789,jazz,1,24,4.4144,0.2093,18,43,0.000471
0.4789,jazz,2,21,4.1705,0.2609,16,46,0.00045
0.4789,jazz,3,26,4.4609,0.2619,18,42,0.000411
0.4789,jazz,4,23,4.331,0.2553,20,47,0.000489
0.4789,jazz,5,21,4.1531,0.2549,20,51,0.000511
0.4789,jazz,6,25,4.4488,0.3148,18,54,0.000465
0.4789,jazz,7,22,4.2908,0.3333,20,42,0.000455
0.4789,jazz,8,22,4.2733,0.3913,21,46,0.000477
0.4789,jazz,9,22,4.2211,0.3684,20,38,0.00036
0.4789,hiphop,0,19,4.0424,0.1613,15,31,0.000357
0.4789,hiphop,1,21,4.2608,0.3158,10,38,0.000395
0.4789,hiphop,2,23,4.3011,0.375,15,32,0.000374
0.4789,hiphop,3,24,4.3964,0.425,15,40,0.000351
0.4789,hiphop,4,18,4.051,0.2581,10,31,0.00028
0.4789,hiphop,5,20,4.1416,0.3611,13,36,0.000435
0.4789,hiphop,6,17,4.0049,0.3636,6,22,0.000311
0.4789,hiphop,7,22,4.3002,0.2571,13,35,0.000332
0.4789,hiphop,8,18,3.9528,0.2812,9,32,0.000318
0.4789,hiphop,9,17,3.8404,0.1379,14,29,0.00031
0.4789,electronic,0,29,4.5901,0.3478,22,69,0.000697
0.4789,electronic,1,27,4.5739,0.2778,19,54,0.000524
0.4789,electronic,2,27,4.5047,0.2973,32,74,0.000709
0.4789,electronic,3,25,4.3391,0.2687,26,67,0.000643
0.4789,electronic,4,29,4.6685,0.3623,36,69,0.000567
0.4789,electronic,5,24,4.3914,0.4677,24,62,0.000627
0.4789,electronic,6,22,4.2464,0.3,23,50,0.000608
0.4789,electronic,7,28,4.5111,0.3,25,60,0.000547
0.4789,electronic,8,24,4.4182,0.339,25,59,0.000597
0.4789,electronic,9,27,4.5005,0.2698,23,63,0.000505
0.4789,classical,0,17,3.8963,0.25,11,28,0.000326
0.4789,classical,1,17,3.9134,0.2903,16,31,0.000405
0.4789,classical,2,18,4.0424,0.3871,13,31,0.000461
0.4789,classical,3,18,3.9233,0.2857,13,28,0.000318
0.4789,classical,4,22,4.3217,0.3714,14,35,0.000383
0.4789,classical,5,22,4.3248,0.3548,10,31,0.000379
0.4789,classical,6,18,3.9681,0.3125,11,32,0.000319
0.4789,classical,7,17,3.8849,0.2424,13,33,0.000428
0.4789,classical,8,24,4.4383,0.3939,13,33,0.000343
0.4789,classical,9,18,3.9852,0.2857,12,28,0.000328
0.4789,math,0,15,3.8269,0.2632,6,19,0.000583
0.4789,math,1,12,3.4566,0.2667,4,15,0.000266
0.4789,math,2,13,3.5842,0.1,8,20,0.000204
0.4789,math,3,13,3.6144,0.5,9,18,0.000206
0.4789,math,4,16,3.9321,0.3684,12,19,0.000225
0.4789,math,5,13,3.6144,0.2778,7,18,0.000216
0.4789,math,6,12,3.4714,0.2632,9,19,0.000284
0.4789,math,7,18,4.0888,0.2174,15,23,0.000246
0.4789,math,8,12,3.5216,0.5714,4,14,0.000196
0.4789,math,9,15,3.7721,0.2083,9,24,0.000231
0.5311,jazz,0,26,4.4568,0.4038,14,52,0.00049
0.5311,jazz,1,29,4.7035,0.44,14,50,0.00049
0.5311,jazz,2,26,4.5221,0.3404,19,47,0.000471
0.5311,jazz,3,22,4.2522,0.4091,17,44,0.000438
0.5311,jazz,4,25,4.4342,0.325,13,40,0.000348
0.5311,jazz,5,22,4.2362,0.3902,13,41,0.000462
0.5311,jazz,6,21,4.2411,0.3902,20,41,0.00037
0.5311,jazz,7,24,4.4267,0.3333,15,36,0.000339
0.5311,jazz,8,22,4.2408,0.3095,13,42,0.000349
0.5311,jazz,9,24,4.3774,0.2449,18,49,0.000467
0.5311,hiphop,0,18,4.0314,0.3333,12,30,0.000297
0.5311,hiphop,1,22,4.2117,0.4615,16,39,0.000429
0.5311,hiphop,2,24,4.317,0.2857,13,42,0.000416
0.5311,hiphop,3,13,3.5342,0.1304,9,23,0.00025
0.5311,hiphop,4,20,4.1403,0.3438,14,32,0.000318
0.5311,hiphop,5,19,4.0266,0.2581,15,31,0.000278
0.5311,hiphop,6,18,3.9842,0.3529,17,34,0.000388
0.5311,hiphop,7,20,4.1313,0.3226,19,31,0.000328
0.5311,hiphop,8,23,4.3137,0.5208,20,48,0.000407
0.5311,hiphop,9,18,4.085,0.5,8,24,0.00026
0.5311,electronic,0,25,4.4291,0.2941,28,68,0.000677
0.5311,electronic,1,26,4.3741,0.25,27,64,0.000647
0.5311,electronic,2,25,4.4331,0.3438,20,64,0.000531
0.5311,electronic,3,29,4.5283,0.3478,37,69,0.000594
0.5311,electronic,4,28,4.5586,0.3871,27,62,0.000564
0.5311,electronic,5,28,4.663,0.3797,31,79,0.000738
0.5311,electronic,6,27,4.5173,0.2969,23,64,0.000595
0.5311,electronic,7,23,4.2386,0.3929,22,56,0.000523
0.5311,electronic,8,28,4.5971,0.3226,17,62,0.000567
0.5311,electronic,9,30,4.6556,0.3714,34,70,0.000587
0.5311,classical,0,23,4.4151,0.4333,6,30,0.000287
0.5311,classical,1,23,4.3514,0.2812,12,32,0.00028
0.5311,classical,2,14,3.6819,0.3158,9,19,0.000275
0.5311,classical,3,23,4.4137,0.3871,12,31,0.000312
0.5311,classical,4,18,3.9783,0.4483,15,29,0.000268
0.5311,classical,5,24,4.4532,0.303,14,33,0.000297
0.5311,classical,6,14,3.6235,0.2,9,25,0.00026
0.5311,classical,7,17,3.9435,0.32,7,25,0.000238
0.5311,classical,8,23,4.4182,0.2647,11,34,0.000377
0.5311,classical,9,22,4.2497,0.4595,21,37,0.000365
0.5311,math,0,14,3.6835,0.4444,12,18,0.000206
0.5311,math,1,15,3.7849,0.2381,8,21,0.000218
0.5311,math,2,18,4.0958,0.0455,12,22,0.000221
0.5311,math,3,11,3.3927,0.4615,3,13,0.000319
0.5311,math,4,10,3.2516,0.5,7,12,0.000237
0.5311,math,5,15,3.8366,0.3889,9,18,0.000218
0.5311,math,6,14,3.7216,0.3158,7,19,0.000214
0.5311,math,7,17,3.8937,0.32,12,25,0.000261
0.5311,math,8,15,3.8209,0.381,8,21,0.000204
0.5311,math,9,15,3.7947,0.4444,7,18,0.000212
0.5832,jazz,0,26,4.5082,0.4,12,45,0.000474
0.5832,jazz,1,21,4.2566,0.4,4,30,0.0003
0.5832,jazz,2,25,4.4251,0.4348,16,46,0.000389
0.5832,jazz,3,24,4.3396,0.4314,13,51,0.000475
0.5832,jazz,4,20,4.1209,0.3404,8,47,0.000447
0.5832,jazz,5,24,4.3445,0.4898,9,49,0.000471
0.5832,jazz,6,20,4.1776,0.275,8,40,0.00035
0.5832,jazz,7,26,4.5364,0.4615,10,52,0.000507
0.5832,jazz,8,25,4.4027,0.2885,14,52,0.000453
0.5832,jazz,9,21,4.1626,0.3333,7,36,0.000341
0.5832,hiphop,0,17,3.8401,0.4444,4,36,0.000284
0.5832,hiphop,1,17,3.8842,0.4444,6,27,0.000312
0.5832,hiphop,2,18,3.9947,0.3571,7,28,0.000271
0.5832,hiphop,3,14,3.6304,0.2381,5,21,0.000276
0.5832,hiphop,4,21,4.068,0.2778,19,54,0.000452
0.5832,hiphop,5,20,4.0231,0.4444,7,36,0.000356
0.5832,hiphop,6,23,4.3738,0.3235,12,34,0.000367
0.5832,hiphop,7,20,4.1835,0.52,4,25,0.000266
0.5832,hiphop,8,23,4.4137,0.3226,10,31,0.00027
0.5832,hiphop,9,17,3.921,0.4231,5,26,0.000257
0.5832,electronic,0,28,4.6317,0.3235,16,68,0.000602
0.5832,electronic,1,29,4.6433,0.3175,12,63,0.000547
0.5832,electronic,2,25,4.4102,0.3846,13,65,0.000675
0.5832,electronic,3,23,4.2892,0.4231,9,52,0.000585
0.5832,electronic,4,27,4.4642,0.4194,19,62,0.000581
0.5832,electronic,5,27,4.5454,0.5455,16,66,0.000698
0.5832,electronic,6,30,4.6031,0.338,14,71,0.000571
0.5832,electronic,7,22,4.2142,0.4737,18,76,0.000619
0.5832,electronic,8,28,4.6026,0.4091,12,66,0.000566
0.5832,electronic,9,26,4.4121,0.4127,13,63,0.000506
0.5832,classical,0,21,4.236,0.4839,9,31,0.000378
0.5832,classical,1,18,3.9696,0.4865,6,37,0.000832
0.5832,classical,2,23,4.3816,0.5882,10,34,0.000379
0.5832,classical,3,20,4.1715,0.2581,8,31,0.000367
0.5832,classical,4,26,4.4833,0.4222,9,45,0.000461
0.5832,classical,5,18,4.0306,0.4375,7,32,0.000257
0.5832,classical,6,22,4.3484,0.3333,3,30,0.000247
0.5832,classical,7,20,4.1436,0.4103,12,39,0.000332
0.5832,classical,8,21,4.086,0.3889,3,36,0.000351
0.5832,classical,9,20,4.1639,0.3438,7,32,0.000392
0.5832,math,0,16,3.9161,0.4286,5,21,0.000205
0.5832,math,1,15,3.6846,0.4583,5,24,0.000228
0.5832,math,2,16,3.9219,0.4,6,20,0.000186
0.5832,math,3,12,3.5216,0.4286,5,14,0.000171
0.5832,math,4,14,3.5316,0.1579,8,19,0.000255
0.5832,math,5,17,3.969,0.3478,7,23,0.000215
0.5832,math,6,16,3.8492,0.3043,4,23,0.000209
0.5832,math,7,13,3.6169,0.4118,4,17,0.000234
0.5832,math,8,14,3.7216,0.4737,6,19,0.000224
0.5832,math,9,12,3.5069,0.4,5,15,0.0002
0.6353,jazz,0,27,4.5035,0.4,10,50,0.000462
0.6353,jazz,1,27,4.583,0.5556,19,54,0.000412
0.6353,jazz,2,25,4.485,0.587,8,46,0.000384
0.6353,jazz,3,28,4.6084,0.4118,11,51,0.000381
0.6353,jazz,4,23,4.3971,0.2917,10,48,0.000407
0.6353,jazz,5,22,4.2062,0.375,5,40,0.00044
0.6353,jazz,6,27,4.5749,0.4038,18,52,0.000422
0.6353,jazz,7,24,4.4144,0.3953,14,43,0.000413
0.6353,jazz,8,27,4.5613,0.413,13,46,0.000436
0.6353,jazz,9,22,4.1284,0.3125,5,48,0.000347
0.6353,hiphop,0,16,3.8573,0.5862,7,29,0.000231
0.6353,hiphop,1,21,4.3104,0.5185,8,27,0.000255
0.6353,hiphop,2,21,4.2485,0.6061,4,33,0.000336
0.6353,hiphop,3,18,3.926,0.4194,9,31,0.000268
0.6353,hiphop,4,21,4.2485,0.4545,7,33,0.000261
0.6353,hiphop,5,22,4.3484,0.4,10,30,0.000317
0.6353,hiphop,6,21,4.2861,0.3714,7,35,0.000367
0.6353,hiphop,7,23,4.243,0.4,8,35,0.000347
0.6353,hiphop,8,20,4.1019,0.3529,7,34,0.000342
0.6353,hiphop,9,19,4.0695,0.4062,13,32,0.000268
0.6353,electronic,0,30,4.7408,0.4583,15,72,0.000549
0.6353,electronic,1,29,4.6407,0.5,17,66,0.000563
0.6353,electronic,2,27,4.5928,0.4211,16,76,0.000728
0.6353,electronic,3,27,4.4939,0.3919,24,74,0.000605
0.6353,electronic,4,28,4.5793,0.4384,17,73,0.000617
0.6353,electronic,5,26,4.3581,0.3607,17,61,0.000504
0.6353,electronic,6,28,4.603,0.3934,15,61,0.000469
0.6353,electronic,7,29,4.5849,0.4691,18,81,0.000613
0.6353,electronic,8,29,4.5858,0.4706,16,68,0.00045
0.6353,electronic,9,29,4.6144,0.3559,13,59,0.000509
0.6353,classical,0,20,4.1199,0.3667,6,30,0.000239
0.6353,classical,1,19,4.1106,0.3929,12,28,0.000318
0.6353,classical,2,19,4.0778,0.4688,4,32,0.000333
0.6353,classical,3,20,4.1403,0.4375,11,32,0.000337
0.6353,classical,4,18,4.0603,0.4815,6,27,0.000258
0.6353,classical,5,18,3.9369,0.3824,6,34,0.000247
0.6353,classical,6,18,4.0069,0.2857,7,35,0.000275
0.6353,classical,7,14,3.6178,0.4762,6,21,0.000214
0.6353,classical,8,21,4.221,0.3846,12,39,0.000381
0.6353,classical,9,17,3.9408,0.3571,9,28,0.000286
0.6353,math,0,17,3.8449,0.2609,8,23,0.000198
0.6353,math,1,12,3.5069,0.6,3,15,0.000166
0.6353,math,2,12,3.4316,0.3684,6,19,0.000231
0.6353,math,3,16,3.914,0.4091,3,22,0.0002
0.6353,math,4,11,3.2806,0.4375,2,16,0.000181
0.6353,math,5,13,3.5305,0.3333,6,18,0.000237
0.6353,math,6,19,4.1368,0.375,7,24,0.000261
0.6353,math,7,20,4.2137,0.2,5,25,0.000277
0.6353,math,8,18,4.0535,0.2917,6,24,0.000222
0.6353,math,9,17,3.8937,0.32,6,25,0.000239
0.6874,jazz,0,20,4.1562,0.45,8,40,0.000329
0.6874,jazz,1,26,4.4608,0.4828,17,58,0.000494
0.6874,jazz,2,24,4.3964,0.325,11,40,0.000353
0.6874,jazz,3,25,4.4653,0.5,9,40,0.000359
0.6874,jazz,4,27,4.5506,0.4565,9,46,0.000363
0.6874,jazz,5,26,4.4586,0.4681,10,47,0.000417
0.6874,jazz,6,24,4.3923,0.4255,10,47,0.000389
0.6874,jazz,7,25,4.4031,0.38,13,50,0.000433
0.6874,jazz,8,25,4.5034,0.4878,10,41,0.000403
0.6874,jazz,9,25,4.5127,0.4182,15,55,0.000434
0.6874,hiphop,0,21,4.1278,0.3111,10,45,0.000373
0.6874,hiphop,1,24,4.3962,0.5,10,38,0.000301
0.6874,hiphop,2,26,4.5165,0.5116,10,43,0.000391
0.6874,hiphop,3,22,4.315,0.5588,6,34,0.000317
0.6874,hiphop,4,19,4.1368,0.375,11,24,0.000237
0.6874,hiphop,5,18,4.0266,0.4194,9,31,0.000241
0.6874,hiphop,6,20,4.0916,0.4048,11,42,0.000298
0.6874,hiphop,7,16,3.7589,0.6207,9,29,0.000386
0.6874,hiphop,8,16,3.8635,0.24,5,25,0.000315
0.6874,hiphop,9,19,4.1313,0.6129,7,31,0.000269
0.6874,electronic,0,30,4.6972,0.3913,11,69,0.000528
0.6874,electronic,1,29,4.6255,0.4615,18,65,0.000563
0.6874,electronic,2,27,4.499,0.4545,13,55,0.000422
0.6874,electronic,3,27,4.6556,0.5625,13,64,0.000489
0.6874,electronic,4,25,4.4548,0.3594,15,64,0.000571
0.6874,electronic,5,20,4.1855,0.3818,18,55,0.000462
0.6874,electronic,6,26,4.5432,0.4643,17,56,0.000482
0.6874,electronic,7,28,4.5427,0.4884,25,86,0.000703
0.6874,electronic,8,29,4.6747,0.431,12,58,0.000453
0.6874,electronic,9,28,4.514,0.4366,19,71,0.000956
0.6874,classical,0,21,4.3239,0.24,9,25,0.000288
0.6874,classical,1,23,4.3055,0.4167,9,36,0.000302
0.6874,classical,2,18,3.9677,0.3929,8,28,0.000317
0.6874,classical,3,23,4.4139,0.5312,9,32,0.000284
0.6874,classical,4,21,4.2603,0.5161,8,31,0.000325
0.6874,classical,5,20,4.1592,0.3448,8,29,0.000255
0.6874,classical,6,21,4.2825,0.5926,8,27,0.000313
0.6874,classical,7,19,4.004,0.4857,9,35,0.00038
0.6874,classical,8,18,4.0289,0.5152,9,33,0.000279
0.6874,classical,9,22,4.2873,0.5,6,36,0.000304
0.6874,math,0,21,4.2314,0.5333,6,30,0.000232
0.6874,math,1,17,4.0114,0.381,4,21,0.000196
0.6874,math,2,13,3.5016,0.375,3,24,0.000264
0.6874,math,3,15,3.8219,0.4,3,20,0.000213
0.6874,math,4,17,3.9706,0.3182,3,22,0.000196
0.6874,math,5,13,3.5503,0.3636,1,22,0.000218
0.6874,math,6,17,3.969,0.5217,6,23,0.000227
0.6874,math,7,13,3.6645,0.3571,3,14,0.00029
0.6874,math,8,13,3.5842,0.5,7,20,0.000368
0.6874,math,9,11,3.2961,0.4286,4,21,0.000204
0.7395,jazz,0,27,4.5715,0.4694,5,49,0.000371
0.7395,jazz,1,23,4.2495,0.6122,3,49,0.000362
0.7395,jazz,2,27,4.5336,0.5781,2,64,0.00041
0.7395,jazz,3,23,4.3137,0.4792,3,48,0.000405
0.7395,jazz,4,25,4.4546,0.4878,1,41,0.000326
0.7395,jazz,5,26,4.4774,0.5106,3,47,0.000452
0.7395,jazz,6,26,4.5535,0.5,3,48,0.000498
0.7395,jazz,7,27,4.5749,0.5,6,52,0.000407
0.7395,jazz,8,27,4.5358,0.55,2,60,0.000486
0.7395,jazz,9,25,4.447,0.5556,4,45,0.000355
0.7395,hiphop,0,23,4.4004,0.4571,7,35,0.000317
0.7395,hiphop,1,18,3.8477,0.5333,3,30,0.000367
0.7395,hiphop,2,18,3.9261,0.5312,3,32,0.0004
0.7395,hiphop,3,21,4.2804,0.4643,3,28,0.000256
0.7395,hiphop,4,19,4.0566,0.4667,3,30,0.000335
0.7395,hiphop,5,23,4.3342,0.5682,2,44,0.000316
0.7395,hiphop,6,20,4.2084,0.3704,2,27,0.000301
0.7395,hiphop,7,19,3.9454,0.4048,4,42,0.000326
0.7395,hiphop,8,25,4.4842,0.6,3,40,0.000358
0.7395,hiphop,9,23,4.3305,0.5116,3,43,0.000452
0.7395,electronic,0,28,4.6133,0.5424,7,59,0.000504
0.7395,electronic,1,27,4.5545,0.5147,2,68,0.000478
0.7395,electronic,2,28,4.5705,0.35,7,60,0.000466
0.7395,electronic,3,27,4.5011,0.3718,2,78,0.000524
0.7395,electronic,4,29,4.6304,0.5823,3,79,0.000673
0.7395,electronic,5,23,4.2562,0.48,6,50,0.000436
0.7395,electronic,6,30,4.6824,0.4143,6,70,0.000614
0.7395,electronic,7,26,4.597,0.4658,8,73,0.000588
0.7395,electronic,8,30,4.6652,0.5,8,78,0.000523
0.7395,electronic,9,28,4.583,0.5507,6,69,0.000648
0.7395,classical,0,18,4.0566,0.4,2,30,0.000275
0.7395,classical,1,19,4.1232,0.5333,0,30,0.000254
0.7395,classical,2,21,4.3006,0.4706,2,34,0.00028
0.7395,classical,3,21,4.2847,0.4516,1,31,0.000257
0.7395,classical,4,22,4.3492,0.5161,2,31,0.000314
0.7395,classical,5,21,4.1934,0.4571,3,35,0.000307
0.7395,classical,6,19,4.0981,0.4333,2,30,0.000249
0.7395,classical,7,19,4.1623,0.6667,3,27,0.000232
0.7395,classical,8,19,4.0636,0.4516,2,31,0.000312
0.7395,classical,9,25,4.4059,0.3171,2,41,0.000389
0.7395,math,0,13,3.625,0.375,2,16,0.000193
0.7395,math,1,17,3.9138,0.5357,4,28,0.000216
0.7395,math,2,15,3.7849,0.4762,0,21,0.000435
0.7395,math,3,15,3.7951,0.5652,2,23,0.000403
0.7395,math,4,17,4.0219,0.6,2,20,0.000214
0.7395,math,5,12,3.4677,0.7143,1,14,0.000177
0.7395,math,6,14,3.7345,0.5882,1,17,0.000162
0.7395,math,7,13,3.5725,0.3529,0,17,0.00018
0.7395,math,8,15,3.7888,0.4545,2,22,0.000293
0.7395,math,9,13,3.5778,0.4375,3,16,0.000281
0.7916,jazz,0,24,4.267,0.3469,2,49,0.000365
0.7916,jazz,1,24,4.3391,0.4444,3,45,0.000376
0.7916,jazz,2,28,4.5583,0.431,5,58,0.000418
0.7916,jazz,3,21,4.067,0.5098,3,51,0.000404
0.7916,jazz,4,26,4.4488,0.55,4,60,0.000412
0.7916,jazz,5,22,4.2213,0.7358,2,53,0.000461
0.7916,jazz,6,21,4.1575,0.5227,5,44,0.00045
0.7916,jazz,7,23,4.3129,0.5349,2,43,0.000332
0.7916,jazz,8,24,4.4235,0.6,2,50,0.000352
0.7916,jazz,9,25,4.4634,0.5849,5,53,0.000338
0.7916,hiphop,0,22,4.332,0.5758,2,33,0.000251
0.7916,hiphop,1,20,4.1206,0.5833,8,36,0.00034
0.7916,hiphop,2,18,3.9376,0.4722,0,36,0.000419
0.7916,hiphop,3,25,4.5094,0.5385,1,39,0.000333
0.7916,hiphop,4,20,4.173,0.5758,6,33,0.000291
0.7916,hiphop,5,20,4.1658,0.4211,1,38,0.000327
0.7916,hiphop,6,24,4.4326,0.6471,3,34,0.000299
0.7916,hiphop,7,16,3.797,0.4516,1,31,0.000256
0.7916,hiphop,8,15,3.6764,0.4074,3,27,0.000234
0.7916,hiphop,9,18,4.0535,0.4583,3,24,0.000207
0.7916,electronic,0,25,4.3407,0.6275,4,51,0.000447
0.7916,electronic,1,27,4.577,0.5161,5,62,0.000509
0.7916,electronic,2,24,4.3383,0.4833,4,60,0.000458
0.7916,electronic,3,26,4.4475,0.4857,6,70,0.000616
0.7916,electronic,4,26,4.4776,0.5479,4,73,0.000512
0.7916,electronic,5,24,4.4099,0.5085,3,59,0.000427
0.7916,electronic,6,26,4.4277,0.4,7,70,0.000572
0.7916,electronic,7,25,4.4257,0.4783,6,69,0.000481
0.7916,electronic,8,27,4.5719,0.4737,5,57,0.000392
0.7916,electronic,9,27,4.549,0.5556,4,72,0.000529
0.7916,classical,0,15,3.7483,0.6923,1,26,0.000242
0.7916,classical,1,22,4.332,0.4848,5,33,0.000239
0.7916,classical,2,21,4.2336,0.4848,0,33,0.000271
0.7916,classical,3,17,3.8213,0.4839,6,31,0.000399
0.7916,classical,4,17,3.9647,0.5667,1,30,0.000349
0.7916,classical,5,21,4.1957,0.5676,4,37,0.000299
0.7916,classical,6,21,4.2264,0.625,0,32,0.000263
0.7916,classical,7,20,4.0791,0.4857,2,35,0.000261
0.7916,classical,8,22,4.2077,0.697,3,33,0.000371
0.7916,classical,9,23,4.3464,0.575,1,40,0.00032
0.7916,math,0,13,3.5724,0.5556,0,18,0.0002
0.7916,math,1,14,3.7216,0.4211,0,19,0.000196
0.7916,math,2,17,3.9702,0.4583,4,24,0.000268
0.7916,math,3,10,3.3219,0.7,1,10,0.000168
0.7916,math,4,12,3.5033,0.5,0,18,0.000175
0.7916,math,5,16,3.8797,0.4545,1,22,0.000237
0.7916,math,6,19,4.1039,0.3462,4,26,0.000208
0.7916,math,7,15,3.7947,0.6111,2,18,0.000183
0.7916,math,8,16,3.8797,0.5455,1,22,0.000201
0.7916,math,9,14,3.6819,0.5263,1,19,0.000193
0.8437,jazz,0,22,4.3091,0.6512,1,43,0.000367
0.8437,jazz,1,23,4.2645,0.5,4,52,0.000412
0.8437,jazz,2,24,4.4128,0.4792,2,48,0.000334
0.8437,jazz,3,22,4.2384,0.5217,4,46,0.000391
0.8437,jazz,4,22,4.3038,0.6512,1,43,0.000304
0.8437,jazz,5,18,3.9194,0.6667,2,36,0.000346
0.8437,jazz,6,18,3.8895,0.4706,4,34,0.000282
0.8437,jazz,7,24,4.3516,0.6538,4,52,0.000334
0.8437,jazz,8,15,3.8074,0.5,3,28,0.000245
0.8437,jazz,9,22,4.1411,0.561,4,41,0.000288
0.8437,hiphop,0,18,3.9852,0.4643,3,28,0.000295
0.8437,hiphop,1,17,3.9303,0.5926,2,27,0.000317
0.8437,hiphop,2,17,3.8664,0.5517,5,29,0.000239
0.8437,hiphop,3,20,4.2137,0.44,3,25,0.000286
0.8437,hiphop,4,18,3.9484,0.6333,4,30,0.000267
0.8437,hiphop,5,17,3.8693,0.5357,0,28,0.000268
0.8437,hiphop,6,22,4.3248,0.4839,2,31,0.000249
0.8437,hiphop,7,18,4.0043,0.3704,2,27,0.00022
0.8437,hiphop,8,22,4.3171,0.4848,1,33,0.000225
0.8437,hiphop,9,19,4.1329,0.4615,1,26,0.000227
0.8437,electronic,0,26,4.5323,0.5429,11,70,0.000428
0.8437,electronic,1,29,4.4672,0.5735,5,68,0.000503
0.8437,electronic,2,30,4.6389,0.4265,6,68,0.00045
0.8437,electronic,3,30,4.7127,0.5286,6,70,0.000552
0.8437,electronic,4,28,4.5445,0.4714,5,70,0.000531
0.8437,electronic,5,24,4.3808,0.5,4,62,0.000461
0.8437,electronic,6,25,4.3832,0.6308,6,65,0.000511
0.8437,electronic,7,27,4.5877,0.5526,4,76,0.000462
0.8437,electronic,8,25,4.4319,0.5397,8,63,0.000387
0.8437,electronic,9,25,4.4638,0.5789,6,57,0.000423
0.8437,classical,0,17,3.9401,0.4815,5,27,0.000235
0.8437,classical,1,21,4.215,0.4857,6,35,0.000268
0.8437,classical,2,16,3.8635,0.6,2,25,0.000251
0.8437,classical,3,18,3.9832,0.5758,1,33,0.00034
0.8437,classical,4,17,3.8833,0.3793,1,29,0.000309
0.8437,classical,5,18,4.0213,0.7241,2,29,0.000239
0.8437,classical,6,19,4.0213,0.4483,2,29,0.000219
0.8437,classical,7,18,4.0888,0.4783,2,23,0.0002
0.8437,classical,8,20,4.1805,0.5926,3,27,0.000222
0.8437,classical,9,22,4.2714,0.4848,1,33,0.000252
0.8437,math,0,14,3.7255,0.3333,3,18,0.000225
0.8437,math,1,13,3.5464,0.55,4,20,0.000209
0.8437,math,2,15,3.7849,0.2381,0,21,0.000188
0.8437,math,3,14,3.6819,0.4211,1,19,0.000176
0.8437,math,4,14,3.6842,0.5,0,20,0.000168
0.8437,math,5,16,3.8635,0.44,1,25,0.000215
0.8437,math,6,13,3.6144,0.6111,2,18,0.000162
0.8437,math,7,14,3.7257,0.5238,3,21,0.000249
0.8437,math,8,14,3.7345,0.5294,1,17,0.000528
0.8437,math,9,14,3.75,0.5,1,16,0.000228
0.8958,jazz,0,22,4.2334,0.5111,0,45,0.000309
0.8958,jazz,1,23,4.2976,0.5227,0,44,0.000378
0.8958,jazz,2,23,4.3478,0.5,0,48,0.000314
0.8958,jazz,3,24,4.3953,0.5,0,42,0.000316
0.8958,jazz,4,24,4.3239,0.5833,0,48,0.000332
0.8958,jazz,5,18,4.0091,0.4359,0,39,0.000299
0.8958,jazz,6,23,4.2883,0.625,0,48,0.000319
0.8958,jazz,7,22,4.3091,0.4651,0,43,0.000273
0.8958,jazz,8,23,4.3712,0.5,0,36,0.000262
0.8958,jazz,9,24,4.4477,0.55,0,60,0.00042
0.8958,hiphop,0,13,3.5035,0.5385,0,26,0.000267
0.8958,hiphop,1,22,4.3433,0.5714,0,35,0.000253
0.8958,hiphop,2,20,4.1626,0.4444,0,36,0.000226
0.8958,hiphop,3,19,4.0749,0.4231,0,26,0.000179
0.8958,hiphop,4,20,4.1345,0.5676,0,37,0.00024
0.8958,hiphop,5,19,4.1343,0.4444,0,27,0.000267
0.8958,hiphop,6,18,4.0209,0.5455,0,33,0.000238
0.8958,hiphop,7,18,4.0537,0.48,0,25,0.000213
0.8958,hiphop,8,18,4.0566,0.4,0,30,0.000199
0.8958,hiphop,9,21,4.0826,0.6129,0,31,0.000215
0.8958,electronic,0,28,4.624,0.5846,0,65,0.000391
0.8958,electronic,1,24,4.323,0.55,0,60,0.000456
0.8958,electronic,2,20,4.1533,0.52,0,50,0.000335
0.8958,electronic,3,22,4.2269,0.5763,0,59,0.00035
0.8958,electronic,4,27,4.5836,0.6545,0,55,0.000398
0.8958,electronic,5,26,4.545,0.459,0,61,0.000451
0.8958,electronic,6,20,4.1526,0.5417,0,48,0.00033
0.8958,electronic,7,25,4.4571,0.5833,0,48,0.000406
0.8958,electronic,8,22,4.2126,0.5818,0,55,0.00045
0.8958,electronic,9,24,4.3627,0.569,0,58,0.000371
0.8958,classical,0,16,3.7962,0.6538,0,26,0.000242
0.8958,classical,1,13,3.5585,0.7619,0,21,0.000203
0.8958,classical,2,19,4.0817,0.5667,0,30,0.000205
0.8958,classical,3,16,3.8729,0.6333,0,30,0.000275
0.8958,classical,4,14,3.6978,0.7727,0,22,0.000211
0.8958,classical,5,20,4.1934,0.6,0,35,0.000241
0.8958,classical,6,19,3.9823,0.6667,0,36,0.000245
0.8958,classical,7,18,4.0061,0.6667,0,33,0.000282
0.8958,classical,8,19,4.0797,0.6176,0,34,0.000244
0.8958,classical,9,20,4.1647,0.7,0,30,0.000294
0.8958,math,0,11,3.3736,0.6667,0,15,0.000156
0.8958,math,1,12,3.5033,0.5556,0,18,0.000164
0.8958,math,2,16,3.8439,0.44,0,25,0.000165
0.8958,math,3,13,3.4992,0.4706,0,17,0.000163
0.8958,math,4,14,3.6819,0.5789,0,19,0.000151
0.8958,math,5,12,3.4817,0.5909,0,22,0.000164
0.8958,math,6,15,3.7888,0.5455,0,22,0.000169
0.8958,math,7,14,3.6421,0.3158,0,19,0.000294
0.8958,math,8,11,3.3083,0.4444,0,18,0.000169
0.8958,math,9,13,3.5899,0.4667,0,15,0.000148
0.9479,jazz,0,20,4.004,0.6136,0,44,0.000339
0.9479,jazz,1,20,4.0916,0.5952,0,42,0.000289
0.9479,jazz,2,22,4.2039,0.6471,0,51,0.000364
0.9479,jazz,3,24,4.4453,0.619,0,42,0.000303
0.9479,jazz,4,19,3.9843,0.5102,0,49,0.000297
0.9479,jazz,5,22,4.2282,0.6034,0,58,0.000337
0.9479,jazz,6,20,4.1486,0.5263,0,38,0.000263
0.9479,jazz,7,22,4.2162,0.4783,0,46,0.000348
0.9479,jazz,8,21,4.2276,0.6,0,40,0.000337
0.9479,jazz,9,23,4.1611,0.4783,0,46,0.000283
0.9479,hiphop,0,19,4.1329,0.6154,0,26,0.000185
0.9479,hiphop,1,19,4.0667,0.6061,0,33,0.000206
0.9479,hiphop,2,14,3.6425,0.5652,0,23,0.000246
0.9479,hiphop,3,16,3.8562,0.4444,0,27,0.000212
0.9479,hiphop,4,16,3.8333,0.64,0,25,0.000185
0.9479,hiphop,5,14,3.5842,0.7,0,20,0.000196
0.9479,hiphop,6,21,4.229,0.5714,0,35,0.000232
0.9479,hiphop,7,16,3.8239,0.625,0,24,0.000186
0.9479,hiphop,8,16,3.9239,0.6,0,25,0.000233
0.9479,hiphop,9,17,3.9138,0.6786,0,28,0.000265
0.9479,electronic,0,24,4.3792,0.625,0,48,0.000352
0.9479,electronic,1,24,4.2197,0.569,0,58,0.000431
0.9479,electronic,2,22,4.19,0.5862,0,58,0.000406
0.9479,electronic,3,27,4.4934,0.6267,0,75,0.000483
0.9479,electronic,4,28,4.5505,0.6,0,60,0.0004
0.9479,electronic,5,23,4.3303,0.5862,0,58,0.000339
0.9479,electronic,6,24,4.3507,0.5283,0,53,0.000423
0.9479,electronic,7,25,4.4294,0.6571,0,70,0.000441
0.9479,electronic,8,23,4.3101,0.5077,0,65,0.000367
0.9479,electronic,9,24,4.3754,0.6176,0,68,0.000433
0.9479,classical,0,14,3.6212,0.7391,0,23,0.000208
0.9479,classical,1,15,3.6945,0.8125,0,32,0.000226
0.9479,classical,2,19,4.0438,0.6061,0,33,0.000222
0.9479,classical,3,17,4.0039,0.6,0,25,0.000258
0.9479,classical,4,16,3.7962,0.6154,0,26,0.00029
0.9479,classical,5,20,4.1147,0.7143,0,35,0.000275
0.9479,classical,6,21,4.241,0.6316,0,38,0.000274
0.9479,classical,7,16,3.8137,0.48,0,25,0.000208
0.9479,classical,8,14,3.6835,0.8333,0,18,0.000173
0.9479,classical,9,14,3.6753,0.5217,0,23,0.000185
0.9479,math,0,12,3.3921,0.5556,0,18,0.000144
0.9479,math,1,14,3.6573,0.5,0,24,0.00026
0.9479,math,2,13,3.6402,0.4,0,15,0.000177
0.9479,math,3,17,3.9754,0.5714,0,21,0.000167
0.9479,math,4,17,3.8937,0.68,0,25,0.000176
0.9479,math,5,13,3.4992,0.381,0,21,0.000161
0.9479,math,6,12,3.4528,0.5625,0,16,0.000206
0.9479,math,7,15,3.8219,0.45,0,20,0.000222
0.9479,math,8,16,3.914,0.4545,0,22,0.000165
0.9479,math,9,16,3.7639,0.32,0,25,0.000247
1.0,jazz,0,23,4.3414,0.5957,0,47,0.000334
1.0,jazz,1,23,4.4052,0.6275,0,51,0.00029
1.0,jazz,2,19,4.0562,0.575,0,40,0.000267
1.0,jazz,3,16,3.8439,0.625,0,40,0.000252
1.0,jazz,4,24,4.352,0.6939,0,49,0.00033
1.0,jazz,5,23,4.2976,0.6071,0,56,0.000305
1.0,jazz,6,18,3.9646,0.5641,0,39,0.000308
1.0,jazz,7,17,3.891,0.4667,0,45,0.000268
1.0,jazz,8,20,4.1436,0.641,0,39,0.000301
1.0,jazz,9,19,4.0399,0.5686,0,51,0.000333
1.0,hiphop,0,19,4.036,0.6,0,35,0.000243
1.0,hiphop,1,18,4.0566,0.4,0,30,0.0002
1.0,hiphop,2,21,4.2108,0.6667,0,33,0.000205
1.0,hiphop,3,18,4.0888,0.5217,0,23,0.000214
1.0,hiphop,4,16,3.8195,0.6562,0,32,0.000243
1.0,hiphop,5,17,4.0114,0.4286,0,21,0.000234
1.0,hiphop,6,14,3.5654,0.6923,0,26,0.000214
1.0,hiphop,7,18,4.0153,0.5625,0,32,0.000327
1.0,hiphop,8,17,3.9378,0.8065,0,31,0.000229
1.0,hiphop,9,17,3.9435,0.72,0,25,0.00023
1.0,electronic,0,24,4.3223,0.5538,0,65,0.000373
1.0,electronic,1,23,4.3832,0.6479,0,71,0.000745
1.0,electronic,2,23,4.2962,0.56,0,50,0.000354
1.0,electronic,3,25,4.4125,0.6463,0,82,0.00046
1.0,electronic,4,19,4.1322,0.6111,0,54,0.000359
1.0,electronic,5,24,4.4511,0.4815,0,54,0.000329
1.0,electronic,6,22,4.2593,0.6102,0,59,0.000328
1.0,electronic,7,22,4.2719,0.661,0,59,0.00035
1.0,electronic,8,24,4.4421,0.629,0,62,0.000383
1.0,electronic,9,23,4.3332,0.6774,0,62,0.000341
1.0,classical,0,18,3.9862,0.7037,0,27,0.000193
1.0,classical,1,16,3.866,0.8148,0,27,0.000183
1.0,classical,2,16,3.8963,0.6429,0,28,0.000263
1.0,classical,3,18,3.9749,0.6944,0,36,0.000243
1.0,classical,4,21,4.2181,0.6111,0,36,0.000231
1.0,classical,5,17,3.9056,0.6562,0,32,0.000205
1.0,classical,6,16,3.8635,0.64,0,25,0.000182
1.0,classical,7,15,3.764,0.4444,0,27,0.000197
1.0,classical,8,18,4.0141,0.7778,0,27,0.000191
1.0,classical,9,19,4.1375,0.7143,0,28,0.000243
1.0,math,0,15,3.8522,0.4706,0,17,0.000152
1.0,math,1,10,3.1219,0.65,0,20,0.000164
1.0,math,2,13,3.4714,0.5789,0,19,0.000149
1.0,math,3,11,3.1692,0.6471,0,17,0.00014
1.0,math,4,13,3.6169,0.4706,0,17,0.000143
1.0,math,5,11,3.3321,0.5714,0,21,0.000153
1.0,math,6,14,3.7345,0.4706,0,17,0.000152
1.0,math,7,11,3.3927,0.6154,0,13,0.000173
1.0,math,8,11,3.3927,0.6154,0,13,0.000164
1.0,math,9,15,3.7544,0.4545,0,22,0.000201
